{"inputs_mean": 15.579729238706953, "inputs_std": 29.096489786029963, "labels_mean": 7.288967318721593, "labels_std": 1.1873556332682709}