{"inputs_mean": 17.64353269333499, "inputs_std": 30.64808716508839, "labels_mean": 7.288967318721593, "labels_std": 1.1873556332682709}